4.364695203393671008e+00,-7.421440622622154093e-01,8.273126847728852484e-02,4.570407531700919693e-03,-1.066547431409926028e-01,-3.105102603972350606e-01,-7.575941564020777230e-01,-1.466605714703954622e+00,-4.992869603615148755e+00,1.078921283305713885e+01,4.055989120782088619e+00,3.113152652417514599e+00,2.642524011864290312e+00,2.523707816124767689e+00,1.427017720074320906e+01,-4.056972246812471816e+00,-1.641851305874366673e+00,-7.640275464128141181e-01,-3.548416226858869815e-01,-1.451876635649542724e-01,6.883997616897005907e-03,5.969683346290036857e-02,6.888660215788222629e-02,8.586063235529062254e-02,1.129555886385682772e-01,1.369191205681382084e-01,1.409622150380546446e-01,1.548860220047188763e-01,1.709916252026832950e-01,1.824163802496829301e-01,1.841407825584237545e-01,1.795705986205550220e-01,1.745273832792922086e-01
4.102055237785265263e+00,-6.548738198282051393e-01,1.540110487331299849e-01,4.282145006662459868e-02,-1.044521246913458074e-01,-3.429316912877108936e-01,-8.112658373570165171e-01,-1.569380759751184407e+00,-4.661604717465160697e+00,1.476654129674643912e+01,4.930267127618752632e+00,3.079069390352734636e+00,2.542038369432612743e+00,2.276882705403669327e+00,5.182267417562737677e+00,-2.869098574660747580e+00,-1.563575702188058969e+00,-6.297842217978606438e-01,-2.630976872272939859e-01,-8.806117612746826306e-02,9.354752855336945228e-02,1.851143366042456162e-01,2.156223184806233817e-01,1.990025913608516051e-01,1.923911717551087253e-01,1.841520852745729131e-01,1.672659839487513345e-01,1.721880114904650871e-01,1.845543323461989182e-01,1.925805552036225776e-01,2.114861404102100773e-01,1.966094004715098764e-01,1.786924043653858596e-01
4.016981568725533691e+00,-6.836042786952669648e-01,2.430898650994571530e-01,9.824866876004363647e-02,-9.451003231090958356e-02,-3.798292665399474743e-01,-7.622398926194553503e-01,-1.601585104030169404e+00,-4.886890391320934945e+00,4.214943959544515906e+01,5.834392122480402065e+00,3.196863541233856854e+00,2.712537443363478129e+00,2.533275298924692720e+00,6.716985969001907364e+00,-3.227326410912022769e+00,-7.952424626041835198e-01,-1.322227965123496107e-01,1.822308083300551718e-01,3.731137302233976105e-01,4.888290396480317601e-01,3.922327988211740113e-01,3.338602220853332248e-01,3.076614403388380214e-01,2.974324258461502613e-01,3.469244386302690608e-01,3.493608223552295833e-01,3.553667159199488945e-01,3.965488579927989865e-01,4.252489052310295392e-01,4.217942558990661062e-01,4.130919989670016057e-01,4.170931215544360082e-01
4.106307889358760121e+00,-6.811713681580513491e-01,2.757358221907886264e-01,1.104653044705348197e-01,-1.177631799881639213e-01,-4.171095680437620912e-01,-7.674081352550864432e-01,-1.777321900645131292e+00,-5.626874351180802591e+00,2.453271870674749152e+03,5.878913318344002548e+00,3.818059886712480200e+00,4.226843177478091462e+00,3.785125174377935053e+00,1.147554747659554941e+01,-5.653956379409735611e+00,-1.729283923142657331e+00,-1.192572060729234044e-02,7.253206937913657670e-01,6.967449961808331871e-01,4.772129330003242464e-01,3.560903537234187399e-01,4.364634437528319144e-01,4.615714684809668067e-01,4.596753900089931011e-01,5.312901712415025735e-01,6.412473296989679161e-01,6.081146553352004824e-01,6.287550541505455559e-01,7.040722492488058482e-01,7.061652907656686962e-01,6.996700379598321806e-01,6.649322897293479251e-01
4.195894379746731850e+00,-6.510540841683296609e-01,3.132126072044301712e-01,1.338130468546132879e-01,-1.049687575570139725e-01,-4.698150308115444651e-01,-8.054049276784333022e-01,-1.853014131252085805e+00,-6.611835469893251549e+00,6.684757167473215134e+01,5.918808331765525566e+00,3.910027188584424440e+00,4.697824462367277576e+00,6.662282879573710126e+00,1.057950766166279521e+01,-1.236316517642521084e+01,-2.301153636938216618e+00,-1.181258864157709587e-01,1.337590767532775615e+00,6.037370927253911113e-01,3.116484964698549853e-01,3.301449465909464531e-01,4.204976077303159698e-01,4.940429227878486707e-01,5.271688911428610291e-01,6.019783370262004052e-01,6.417865338339441283e-01,6.535895353746348224e-01,5.857854488958822436e-01,6.226067111171161850e-01,6.224453631598164671e-01,6.747670823799679640e-01,7.490666332622765156e-01
4.312174257973405922e+00,-6.736945113795077544e-01,2.773260337305764600e-01,1.097279456520202645e-01,-1.021130950660005809e-01,-4.775217380342851592e-01,-7.946118359161352673e-01,-1.594815290787692463e+00,-6.396561879894537839e+00,4.090252887863186260e+01,6.334392417967522171e+00,3.539628838742882255e+00,3.704670335833026851e+00,1.317442629178275482e+01,7.420466005668133747e+00,-3.919557699389078209e+01,-2.075862847318261650e+00,-9.768188966073598767e-02,1.035791246951725419e+00,3.729880137732795031e-01,3.671028130624172658e-01,3.987694555194768453e-01,4.443251937092574932e-01,4.838444365332053576e-01,5.691017624642970008e-01,5.668124462579869904e-01,5.527976818004599613e-01,5.530265702904653136e-01,5.651302910809998803e-01,5.640219917762128166e-01,5.936584315008958113e-01,6.073227128558371657e-01,6.221561010589666818e-01
4.340393518647060134e+00,-7.158635957975242325e-01,3.315291107763168044e-01,1.566993988890219291e-01,-5.777792253892922308e-02,-4.271619871513144262e-01,-8.307738881002075804e-01,-1.608150649072203509e+00,-5.445670629889735714e+00,-9.946796695219012463e+01,6.906974009292196293e+00,3.106533606144138204e+00,3.158588089584354996e+00,1.067393734444042508e+01,7.209849926326041825e+00,-2.294992586865565443e+01,-2.103958959982445087e+00,1.655192931108583759e-02,6.798800199243825171e-01,4.634516171578360044e-01,4.638899371826734064e-01,5.693754642955699552e-01,4.609216794468631306e-01,4.409592914416430864e-01,4.932435350557238252e-01,5.481828440818554693e-01,5.778014782471339039e-01,5.746906199477666011e-01,6.290017287273266255e-01,6.789882259443797974e-01,6.935369086172411546e-01,6.513154642876706202e-01,5.775350985728899822e-01
4.211511438922418193e+00,-7.807659180583981229e-01,3.158688630114190876e-01,1.337336361467187373e-01,-2.298560512229859409e-02,-4.330386371990913030e-01,-8.452863933288946585e-01,-1.739079326931903591e+00,-4.423077978622631967e+00,-2.964005549696689101e+01,6.586658536592388202e+00,3.039940917797737896e+00,3.648078664188549869e+00,2.015279145888964862e+01,9.613603218254514360e+00,-1.384208372695352907e+01,-1.381948541571707878e+00,-2.833539795135764927e-01,2.424260036498598891e-01,1.991913015754945282e-01,1.863679680971652985e-01,2.349175904865427600e-01,2.379844505292319778e-01,2.070967736521019675e-01,2.950354959901660412e-01,3.249987149942711318e-01,3.409105516853769835e-01,3.407636205407114649e-01,3.237292389232076517e-01,3.428060408615121735e-01,3.256861091557187171e-01,3.083704586886467647e-01,3.120930163944869995e-01
4.240095390102309736e+00,-7.323071605381646920e-01,2.457666016809468834e-01,8.945070389262477217e-02,-8.318547953954166796e-02,-4.418051275329945571e-01,-8.683556198540243187e-01,-1.716736328552491475e+00,-3.815586721191355224e+00,-2.263207087797073314e+01,6.079354654453133833e+00,3.734495271178907227e+00,6.227390961758309196e+00,9.159251051680717737e+00,4.882401927599685720e+00,7.708300349382416528e+01,-1.972598833012678465e+00,-2.717910574729324735e-01,3.268434532207907806e-01,2.496737376080376825e-01,2.450221688289598299e-01,2.052670383604033311e-01,1.979877895911721919e-01,2.432450122264979142e-01,3.053841273963174285e-01,2.951860792061479222e-01,3.175183233780078940e-01,3.402864445436453722e-01,3.517922832572634717e-01,3.685265835695271108e-01,3.690612735441311520e-01,3.486449292337358008e-01,3.389898574851203383e-01
4.199269368679093617e+00,-7.585774891615204574e-01,1.721717057650789251e-01,2.410949391466599492e-02,-1.339036544741055434e-01,-4.351714168607569988e-01,-8.456737404359783161e-01,-1.637614032893221827e+00,-4.379483372909916739e+00,-1.144429070125460584e+02,4.887035468020205720e+00,3.289761003292283714e+00,6.943691543726132842e+00,4.197715448133176430e+00,2.903626849208907235e+00,9.291620953537687910e+00,-1.012541408532847687e+00,3.735616609951266653e-01,8.204473370902390927e-01,8.394401310121232251e-01,7.405345448715174861e-01,6.395621261667594482e-01,5.047483151534205570e-01,4.818505061742805462e-01,5.945217823559915127e-01,6.118478508428621954e-01,6.580354620068521454e-01,7.306727713822559478e-01,7.789266482025438698e-01,7.286246471470566588e-01,6.900989499998184673e-01,6.821798279970011647e-01,6.709344168545678944e-01
4.277244401817701380e+00,-7.890445795492831982e-01,3.066057571372199919e-01,1.270224151919403799e-01,-5.236468675050318794e-02,-3.596425010272853995e-01,-8.053816781207756570e-01,-1.611624517863266215e+00,-5.412519428238875996e+00,2.502920946350304376e+01,4.520499450453443480e+00,2.948151647422320831e+00,4.355957585619362860e+00,3.460011085604407732e+00,2.295812006537650163e+00,6.430485323437281409e+00,-1.644619604770224175e+00,3.152660433841783516e-01,5.102582312992427482e-01,4.637326364802925593e-01,3.680343948245350938e-01,4.247615317335515228e-01,5.426368342467248196e-01,4.596068428625968427e-01,4.351639012808742324e-01,4.322560772139665275e-01,4.569850715931033092e-01,5.246507479236125482e-01,5.436788543560621134e-01,5.119173506401986096e-01,4.582855609068240410e-01,4.606675081555013929e-01,4.768521025732410101e-01
4.460805518360158928e+00,-1.008969925300743364e+00,2.798988676873793713e-01,2.162391618177963160e-01,8.190856440268362570e-02,-3.719528776877139564e-01,-8.615171622575432675e-01,-1.790416451344847504e+00,-7.932217418562872879e+00,1.167287763914413823e+01,5.083739598163664830e+00,3.652050191600547446e+00,3.333841550189131198e+00,3.525606681776742413e+00,3.302271849829484740e+00,3.371758965382969819e+01,-2.248033924157009089e+00,2.304341825541710576e-01,7.149360936451307769e-01,8.455051685952331697e-01,7.609431324027520205e-01,5.466449980065385406e-01,7.789025583083306614e-01,6.739187043890559892e-01,6.269097415214587299e-01,7.236466840629321995e-01,7.373618012212983519e-01,7.789017310100253555e-01,7.849975691168861180e-01,7.186582071654756820e-01,8.298643341350760982e-01,9.590477740086132963e-01,8.186186862322234470e-01
4.409406079834478298e+00,-9.817486748655230855e-01,3.332677182977925590e-01,3.047699857139725688e-01,9.994572485385677663e-02,-4.938454999440870519e-01,-1.009929731280119203e+00,-1.954991698490906815e+00,-1.026498815180617896e+01,9.688232631831821706e+00,4.708939812368365452e+00,4.258549053310386689e+00,3.314685450361334329e+00,3.867194668990558970e+00,6.096821752648205361e+00,-4.197422065873562502e+01,-2.410569976425422478e+00,-1.668358869321110161e-01,2.390078705524848746e-01,1.293867371631837460e-01,2.850783319789541165e-03,6.321538539626120334e-02,1.748830274284490505e-01,1.757361766081841914e-01,1.387912130690408530e-01,1.800396859606258337e-01,1.924056553658105573e-01,1.974769389521454366e-01,1.981863846283228592e-01,1.960757336581030741e-01,1.933579331116671296e-01,2.117836448196780685e-01,2.173882607822829605e-01
4.438462389097246330e+00,-1.195358708960400973e+00,1.865479310136487212e-01,2.317838467429294280e-01,1.132529596458628079e-01,-5.924384073734569878e-01,-1.117215631569295153e+00,-1.992636744222773260e+00,-8.576178139790174626e+00,1.211582825814332942e+01,4.145837725985280109e+00,4.020131127168979468e+00,2.832277823090838087e+00,3.231847774636483983e+00,6.893380298173179099e+00,-1.816684362023612209e+01,-2.042093256064994033e+00,-9.112831651589691218e-01,-2.485307474140442674e-01,-1.604444076528858121e-01,-1.362744822825213142e-01,-3.162314321426808877e-02,-7.112388271746860832e-05,-1.437508507257973314e-02,1.146653000893653809e-02,3.341252809562331866e-02,4.185828910750015452e-02,5.435331664902100235e-02,6.288987548916109838e-02,5.747931428154378491e-02,5.674681084283661470e-02,6.566707966574339417e-02,6.848524140873370192e-02
4.573398279942622935e+00,-1.319737757069781914e+00,8.710287900128879657e-02,9.749741206102133240e-02,4.425461806211647680e-04,-6.437198284336791421e-01,-1.128459397776035988e+00,-1.887696190220171877e+00,-5.971168461438819186e+00,3.814538541338193767e+01,5.198166002229650751e+00,4.226621301969641031e+00,2.886985890493124707e+00,3.277596303399274102e+00,4.817448158268528680e+00,2.984765961912534138e+01,-1.171570351540332844e+00,-1.367293966974482355e+00,-7.936140616706941486e-01,-5.421649684764108246e-01,-2.979328412495285128e-01,-1.666819219849591249e-01,-1.658317205252413939e-01,-1.704019367072662772e-01,-1.227888636404439182e-01,-1.041656220004419098e-01,-1.003095561732287033e-01,-8.744897855442673729e-02,-8.383974394813949182e-02,-8.343652007550173000e-02,-8.254086158127117712e-02,-7.450431564394988104e-02,-6.868724888432618803e-02
4.573837578142401661e+00,-1.146263458120158951e+00,1.539498754769106081e-01,7.729109726047014850e-02,-9.889316775505783974e-02,-6.956436891942603395e-01,-1.178711315105517077e+00,-1.967127240463542481e+00,-4.981955139250812792e+00,4.330318166798790713e+01,5.628877151882845986e+00,4.346225001386929243e+00,3.453145389077860727e+00,4.024968890730971083e+00,5.982641403215868792e+00,-4.512809750605839554e+02,-1.090567666518064360e+00,-1.013287804172284590e+00,-9.686604004959975533e-01,-6.683618560276877174e-01,-5.071863091645308907e-01,-3.462870521919448885e-01,-2.625999850749157760e-01,-2.742692798309431801e-01,-2.431198083862729786e-01,-2.097581422378892169e-01,-1.985063181372650198e-01,-1.908443596353697480e-01,-1.903109016675748610e-01,-1.784186683540286700e-01,-1.713808140108588896e-01,-1.645378487611890705e-01,-1.577048247436832473e-01
4.240323692421223534e+00,-5.717853273487079058e-01,3.941904128305705468e-01,6.193710051226409413e-02,-2.052360109343732142e-01,-6.420967588085582101e-01,-1.082421035919884700e+00,-2.050867747511753159e+00,-5.171700784830441933e+00,1.398966389418177769e+01,4.881740891462821530e+00,3.782209842543017508e+00,3.511244714191833260e+00,4.075582441893470964e+00,7.744886738480862398e+00,-9.404182679133706202e+00,-1.816187230620645465e+00,-1.482968313908825220e+00,-1.274481013089922898e+00,-8.489533651918079737e-01,-6.894949903437390670e-01,-5.302918434242936963e-01,-3.912791189694029281e-01,-3.655662838990734742e-01,-3.505502251272564762e-01,-2.993813738865629959e-01,-2.670194053039038340e-01,-2.626975710153870991e-01,-2.510321825886885905e-01,-2.400313731039395437e-01,-2.369821742977172574e-01,-2.400453400930890879e-01,-2.423408057568428586e-01
4.266841036376537666e+00,-9.607399273002034112e-01,-7.723886171396900091e-02,-1.526872319232829567e-01,-3.004274718288612034e-01,-5.921947331972542417e-01,-9.229944761154329491e-01,-2.000050934000539904e+00,-6.089318597099549812e+00,9.519899969809980433e+00,4.356823699920043147e+00,3.445847122237583271e+00,3.265240899982790879e+00,3.361651759217538338e+00,6.060174206710422951e+00,-6.707466469676572451e+00,-2.099279108315703635e+00,-1.441546883623483488e+00,-1.063442834333463649e+00,-6.838336374282105723e-01,-5.860691965112189150e-01,-4.143698455062151398e-01,-2.577747993760512446e-01,-2.205639253936177713e-01,-2.184265303356430488e-01,-1.984656956565042374e-01,-1.839752959803542254e-01,-1.747476434371200982e-01,-1.722109737532510898e-01,-1.646696238973686943e-01,-1.514761282819610810e-01,-1.440006193604250750e-01,-1.432232416115386819e-01
4.050511581126799321e+00,-7.345639213525315681e-01,1.419985285394158026e-01,4.095214532676671321e-02,-8.242322458835457666e-02,-3.212662840036552003e-01,-4.797244998701774010e-01,-1.435804325437858520e+00,-5.714520057133481323e+00,8.448968504314818162e+00,4.599705281045743277e+00,3.888219995662001160e+00,2.814622008856151769e+00,2.205554275603676562e+00,3.890056184919995275e+00,-3.043352189645193384e+00,-7.429787140036920867e-01,5.947166388013634675e-02,9.228544167963880218e-01,7.177446279635915083e-01,5.055478707545822958e-01,3.389220018150470581e-01,3.764412945418196821e-01,5.552043357833651438e-01,6.250874885782981005e-01,5.698984989032492843e-01,5.795090689193584943e-01,5.859604024568222380e-01,5.663264893451785964e-01,5.399308696030061805e-01,5.107096276030367310e-01,5.411469270957769417e-01,6.515164483822756258e-01
4.956026161484838433e+00,-1.790645182966270621e+00,-1.888980445107228678e-01,-1.989152330943890212e-01,-2.147881048089095579e-01,-3.204500951803833098e-01,-5.998756219024330427e-01,-1.347368003530874825e+00,-6.509843853922458123e+00,1.166278808973710746e+01,4.707450223040862802e+00,3.602610157152563275e+00,2.509611582420200104e+00,2.548593994659298811e+00,1.326434178525641627e+01,-5.777312384559127878e+00,-9.527380189520725517e-01,-4.582379871907293206e-02,-1.656797117512911199e-01,-1.365842137654053046e-01,-3.237379749652635058e-02,5.509641376776307220e-02,9.930090449500007799e-02,1.203061136848560531e-01,1.376432217963241278e-01,1.468399405824627191e-01,1.374380730511612914e-01,1.229729428659145501e-01,1.228937371674861112e-01,1.405259894812510013e-01,1.452015746815049357e-01,1.489502348388343222e-01,1.520528781948236596e-01
5.471691578034709735e+00,-2.201399106806317896e+00,-3.310296056155396238e-01,-3.002586100799897739e-01,-3.603375043835573277e-01,-5.539066783562521801e-01,-9.062199105634607399e-01,-1.681337744380617005e+00,-8.129244606541027096e+00,1.473145738728195298e+01,4.711690697789180149e+00,3.391997334478202841e+00,2.629365721689554292e+00,2.748001410112567822e+00,3.991047455053956750e+00,-1.759151344421950967e+02,-1.347462959490451251e+00,-5.856927835517458103e-01,-2.006010189380952879e-01,-1.178118171151590898e-01,-6.606918475613760000e-02,-5.420572180779722332e-02,-2.602841590851839859e-02,2.983631978109132707e-02,8.895123796981199704e-02,1.244668011011690750e-01,1.378661830081372441e-01,1.273208791829933406e-01,1.341963223354999957e-01,1.470572370761527581e-01,1.514376065590478382e-01,1.425890297963378073e-01,1.376556540950284180e-01
5.087943656307816198e+00,-1.614385851545119710e+00,-1.259651456765638333e-01,-1.343483122703933996e-01,-2.124352611179305961e-01,-4.559597420377019539e-01,-7.381472315966017828e-01,-1.441795771377404334e+00,-8.651418221066471403e+00,1.449802079759172813e+01,4.695162261378117208e+00,3.395559861533168799e+00,2.966826922157565161e+00,2.076223307670349350e+00,2.511047997062803461e+00,-2.216587723556605827e+00,-5.816165632635632576e-01,-1.102615138289560204e-01,3.548302464610933460e-01,6.008004643018148849e-01,4.671525103669858514e-01,3.453020637540754056e-01,3.021136643331169269e-01,3.102055249427373429e-01,3.428185337071446015e-01,3.920955903890276373e-01,4.223858848475908756e-01,3.706198812424891242e-01,3.697736915515814071e-01,3.826667177068029946e-01,4.091414566531925145e-01,4.116387134824276983e-01,4.078304510386357440e-01
4.367874471126768299e+00,-9.278972751333934843e-01,2.829922245280908077e-01,1.123323526078138929e-01,-1.273863899287343560e-01,-3.753822211450352220e-01,-5.969875942605593622e-01,-1.184354509724772964e+00,-6.850458081190451409e+00,1.157575783537844849e+01,4.756770493059121030e+00,3.785541831940320456e+00,4.225265231687073353e+00,3.496135897632426381e+00,5.000694157250837435e+00,-3.235592122160231288e+00,-1.547891864013640095e+00,-6.640946098215831928e-01,9.624136329792595812e-02,2.377771954486637973e-01,2.388758750413399745e-01,2.173252050865108753e-01,2.282562272147941607e-01,2.613377404655956582e-01,2.918139321921388030e-01,2.733212980719694207e-01,2.686788593233981892e-01,2.661381451748668359e-01,2.695184444259938750e-01,2.838802271210924544e-01,2.899972659657097940e-01,3.001265063681210488e-01,3.113795964429184604e-01
4.273939601953662404e+00,-9.107643333156997256e-01,2.961891577742141179e-01,8.141597524530704011e-02,-1.623290812743834743e-01,-3.762348375551408108e-01,-5.822222716843421519e-01,-1.147100352452748995e+00,-6.074849937718740378e+00,8.077695359497736760e+00,5.399817146011499425e+00,3.897907195400010849e+00,3.488783661189756025e+00,3.935153382127572819e+00,7.513486070221960134e+00,-8.411624055763763153e+00,-5.154801883966376508e+00,-1.941044778580813812e+00,-6.514278965902603469e-01,-3.275158274006346737e-01,-1.748809287730445916e-01,-8.260830552514908387e-02,-4.546851631654233450e-02,-2.228013229543374107e-02,-9.941419208557481998e-03,-1.496764841636901919e-03,1.124614792958619422e-02,2.523140542011109363e-02,4.111428100606563663e-02,4.499914312370668218e-02,3.666072148879628845e-02,3.590828957332647259e-02,4.427053958237367470e-02
4.417084367251863597e+00,-1.044949409454164035e+00,1.347683358398311659e-01,1.332018622521297622e-02,-2.107412083561764349e-01,-4.518468831299575772e-01,-6.874412455319419690e-01,-1.165983328531833285e+00,-5.448377623967420647e+00,8.037902462134448811e+00,5.196174829743887003e+00,3.367105290039303700e+00,3.179532203870874874e+00,4.234494508135563606e+00,3.603841124990463829e+00,-3.816691861001162422e+00,-2.448233317827903655e+00,-6.899119591001672269e-01,1.748282650609919164e-01,2.361807461518841689e-01,2.284093565457696595e-01,2.523321619304259023e-01,2.348873521890125216e-01,1.690650138905530897e-01,1.668104517433666723e-01,1.963289547911284683e-01,2.336656727528154120e-01,2.685256272051242954e-01,2.846539978845028518e-01,2.593056729786045178e-01,2.335022030232383194e-01,2.367184805242989465e-01,2.485328781348440652e-01
4.268719669260888416e+00,-7.161059145818530203e-01,3.897911115250268232e-01,2.139956553432502684e-01,-1.196033259760835715e-01,-4.649427255630090294e-01,-7.955800700729721564e-01,-1.532218061632041994e+00,-5.592765672295982426e+00,1.202704822240500881e+01,5.105867464068406747e+00,3.290265034036209180e+00,3.469950832389040229e+00,5.861220593218023467e+00,4.653407438329420387e+00,-8.306928149918892501e+00,-1.499379892862833685e+00,7.599532040403268462e-01,6.376391521221580483e-01,6.831440812291018627e-01,5.796203769649588278e-01,4.367889130194998470e-01,4.547379670423513653e-01,4.801946014575589339e-01,4.406922336067348733e-01,3.981849082871476986e-01,3.976679495143432552e-01,4.457280166154165002e-01,4.915004705301645460e-01,5.083086832783146880e-01,4.721858890839548129e-01,4.898443029780057967e-01,5.308172587679662602e-01
4.104703627898159013e+00,-8.217942052582197787e-01,1.261883911622900256e-01,7.154307940844827074e-02,-8.469174945510221653e-02,-4.893899723929722168e-01,-9.263957780488604188e-01,-2.062338774023514176e+00,-6.605432969988254577e+00,1.993274728538300167e+01,7.540566619924336855e+00,4.283720150550045958e+00,4.198889321995921797e+00,5.018658811688252896e+00,2.721108520909073292e+01,-7.673045003809743037e+01,-1.171519120451602447e+00,1.826034838592878740e-01,5.691582009618502414e-02,7.540089568280919363e-02,1.456778551075651462e-01,1.352796295812851990e-01,1.370354544437873967e-01,1.976008552723139966e-01,2.420837855905236258e-01,2.568597703587737202e-01,2.385735176274524916e-01,2.354625292535948711e-01,2.527028289821983131e-01,2.752780572958724581e-01,2.727959228179460682e-01,2.844250283221955722e-01,2.730754523659542632e-01
4.420236589742073896e+00,-8.030865144652499232e-01,7.801137219518142207e-02,4.661321896525144615e-02,-8.576187310010845166e-02,-4.743976443540534049e-01,-9.450080108318069660e-01,-2.130622700931324331e+00,-8.335678771909782014e+00,1.266916033838070987e+01,8.113785423793220986e+00,4.403154132005155930e+00,3.473933452003650668e+00,3.113251330376103798e+00,-1.943981687774153500e+01,-3.275041182981480947e+00,-8.194746547683839921e-01,9.119299316574147607e-02,2.414362776794966858e-01,2.100343068827749682e-01,2.989410348474886292e-01,3.422699642853344604e-01,2.810238740090818532e-01,2.292567406582246003e-01,2.628265525601100050e-01,2.950085708919080174e-01,2.665336345850175537e-01,2.649876609348747469e-01,3.042296852469036916e-01,3.171425127893117701e-01,3.246622491278535749e-01,3.077887321056954062e-01,2.798956528307248726e-01
4.355010590224416056e+00,-7.080994176564795461e-01,4.307574268633603265e-01,2.846860387252908575e-01,-6.674875126290569227e-02,-3.658828051121066349e-01,-7.454514087372676734e-01,-1.730546218800678160e+00,-8.632802927466896037e+00,7.040899299431419678e+00,5.468053275551489456e+00,3.604783042067790433e+00,3.148950649318205119e+00,2.788240690176538195e+00,4.931656594744185718e+00,-8.303678707327058817e+00,-1.125824926167761086e+00,7.303521878578408261e-03,1.031689203476810590e+00,3.726256667150626423e-01,4.604401025486914989e-01,5.492922077849451412e-01,4.545712140378793675e-01,3.182688669154312144e-01,2.991264635541251993e-01,3.264676962171279562e-01,3.683634179615460913e-01,3.624419853081214393e-01,3.759427323865744963e-01,3.621950774256189609e-01,3.713507725151126149e-01,3.961651838920669522e-01,3.752817814759351611e-01
4.816323012994003783e+00,-9.805719183803950356e-01,1.489679028594855514e-01,5.277495401658190144e-02,-1.439331132613823616e-01,-3.315830235718086882e-01,-5.928999719731753437e-01,-1.367520375872513183e+00,-9.124889313731284091e+00,4.619492352772700094e+00,3.758540382133233493e+00,3.098852360489053215e+00,2.958021542286895400e+00,3.452861581849616002e+00,6.585687340795847611e+00,-2.098490034166519891e+01,-2.314689253328168772e-01,1.120424035027423937e+00,1.482457585405795752e+00,8.829775337045051575e-01,8.243141730625750396e-01,6.874213346760964516e-01,7.098140778482252555e-01,7.207791538854843028e-01,6.094143058655159262e-01,6.063037558916011260e-01,6.671569951432322343e-01,6.682479842312212259e-01,6.658639499319510824e-01,6.710436302809204001e-01,6.591684779641838743e-01,6.773856249549764508e-01,6.758080577394778299e-01
4.582491529414569165e+00,-9.974120458925859189e-01,2.001502582304821032e-01,1.039277753778671959e-01,-1.003172698084577874e-01,-2.630358543490829981e-01,-5.091094846558009701e-01,-1.261270415194090777e+00,-8.400968334181385444e+00,4.543818923807274146e+00,3.127761299303245757e+00,2.617361152013113035e+00,2.533207067833600501e+00,3.233667735656410080e+00,1.335445941932626823e+01,-8.421409406990683522e+00,-1.351157445666222090e+00,-5.648466100757938008e-02,6.314825589935548766e-01,8.198753780873440089e-01,6.900621436980896029e-01,5.412480260728460557e-01,4.928229946405194850e-01,4.065695852478617422e-01,4.068690303368943662e-01,4.498306966420388409e-01,4.404788353968253078e-01,4.052580911169553213e-01,4.220870893095571286e-01,4.780388174699096715e-01,4.852408649314472466e-01,4.874300680859535717e-01,4.880602883879854303e-01
4.480869708439604970e+00,-6.392418643632675757e-01,5.624277029871057598e-01,3.185945389180563359e-01,5.828053714265595681e-02,-1.598246970563010627e-01,-5.752529389999664344e-01,-1.431220994217404563e+00,-6.310238545486334338e+00,6.084975137443088933e+00,3.196312168797781794e+00,2.189754758907526799e+00,2.373803073311254508e+00,3.948747901893439938e+00,1.264639984048587351e+01,-8.901466915083942055e+00,-8.400897173449775046e-01,-1.341581420282221028e-02,5.371561925146836058e-01,5.299002259710853258e-01,5.085961944824556324e-01,3.379946390092735120e-01,3.029077760900578675e-01,3.389013844318065072e-01,3.374155249307486115e-01,3.741356725162279795e-01,3.990593507521922878e-01,3.914505392959499730e-01,3.835298193892334173e-01,3.737052998303455609e-01,3.905006889274665327e-01,4.082702915565812885e-01,4.203806120774536970e-01
4.147208271650234757e+00,-6.941823738408140487e-01,4.504752209727697632e-01,3.282353691611726298e-01,1.041463794152375083e-01,-1.673163028939435859e-01,-6.311699653044567926e-01,-1.572017084136487552e+00,-5.301985226798317186e+00,1.037590192145518664e+01,3.399277838112440442e+00,2.428847705208985186e+00,2.891597068943574378e+00,3.177205406641998131e+00,2.930321409711733605e+00,-4.745317059682936822e+00,1.088566537960289793e+00,8.526589614990035537e-01,6.787448329639163003e-01,8.449663361666936989e-01,9.688851195698224839e-01,7.751533634909509862e-01,6.476205640027943300e-01,6.006904651962303721e-01,6.327751017644865916e-01,5.862940678396539873e-01,7.004139578267805089e-01,8.146822005844838177e-01,6.923155171442099132e-01,6.192013319885769640e-01,6.476531882735656609e-01,7.233180652056629967e-01,7.087714501349717811e-01
4.236710484627813855e+00,-7.510709580628540660e-01,3.868296557621027643e-01,2.677261264371749161e-01,5.776953339240294832e-02,-1.451253677836009393e-01,-5.257246588268406073e-01,-1.444361297716135084e+00,-4.446388585765364887e+00,2.645398891955088061e+01,4.225507080509024682e+00,3.222361780869094527e+00,3.191812735201421170e+00,2.336576707674838271e+00,1.954878807450298739e+00,6.020116342051259339e-01,2.970995136492139199e+00,8.733091132588661765e-01,6.041233103042612518e-01,5.855841678914591730e-01,5.592688916165097224e-01,4.847506840420657270e-01,3.752097943306665906e-01,3.958394970004061042e-01,4.494882983725107528e-01,4.479783350720600854e-01,4.271034276686558884e-01,4.373284847542932563e-01,4.325575011074846987e-01,4.184325304918913302e-01,4.342605455645975887e-01,4.808314081766960624e-01,5.143301563855454672e-01
4.262876267142418740e+00,-8.960485606835257855e-01,2.374346423882563728e-01,1.234848235077646156e-01,-6.547070896196837547e-03,-1.492376632933545832e-01,-4.665680957729562151e-01,-1.322167232243420587e+00,-3.881004448241749838e+00,-7.259284371635438049e+01,5.058878646390312817e+00,3.716765544889480744e+00,3.598002980701734188e+00,1.727805565365705176e+00,1.519953034073892040e+00,-7.635839082867427186e-01,1.295729454572380090e+00,1.195835882297229480e+00,6.742073247528468372e-01,7.536985130438446090e-01,6.726758787752087354e-01,6.011353576764050244e-01,4.953668518627757367e-01,5.458970725294971515e-01,5.227441957493589308e-01,5.610685761927841630e-01,5.335142105381656119e-01,4.693608015047739390e-01,4.493214161195550060e-01,4.731991500269179807e-01,4.629182399715710550e-01,4.087731543049369920e-01,4.017734136563466119e-01
4.517156443885597561e+00,-9.380818460760885769e-01,1.867487960728897722e-01,1.227585734251852162e-01,-2.052797226253729596e-02,-1.788678688755906410e-01,-5.025953809986505316e-01,-1.321333064716480710e+00,-4.866064312965606931e+00,6.225911886850182242e+01,4.589697720731594544e+00,3.604463342245450619e+00,3.251174646782042821e+00,1.929023453207904026e+00,1.733892215071366261e+00,-2.948498953725428695e+00,3.951463445636051453e-01,1.046143695371487325e+00,1.010470566961938932e+00,1.172293788505145651e+00,1.049825421249757751e+00,6.971796575471433943e-01,6.017703505147484755e-01,7.000842692476824114e-01,6.991582823806172797e-01,5.915225807762674037e-01,6.645790190371363426e-01,7.751076687432170154e-01,7.865170759081413498e-01,8.107529277561076331e-01,7.420331338229747553e-01,7.061585952645746955e-01,7.168236954772029268e-01
4.620768852713672104e+00,-8.146308236413181136e-01,3.323330412509861720e-01,2.128938586088188756e-01,2.540387097503903763e-02,-1.953490051538901706e-01,-5.518322049772927951e-01,-1.313730509764128307e+00,-7.813716463456884753e+00,9.210191232281902174e+00,3.051022891620263966e+00,2.879672695690028483e+00,2.742561524279097274e+00,2.430584656061693494e+00,3.555237466061432539e+00,-4.668208801958370735e+00,1.857412690546432210e-01,9.764199732396009468e-01,1.089667425703980230e+00,1.069712284161910665e+00,8.770907527123963376e-01,8.142330446864254334e-01,6.909038491118169034e-01,6.896543332679850868e-01,7.677411204519863919e-01,7.267140426399051334e-01,7.205987211792485025e-01,7.564149220634343029e-01,7.254877986015244584e-01,7.101321826665832893e-01,7.140152646541849668e-01,7.297141427116290435e-01,6.711136601992848671e-01
4.413198303872057693e+00,-7.489139270845029950e-01,5.119447919158943705e-01,2.572885617142884329e-01,3.089367685316208451e-02,-2.279893140606365221e-01,-5.723881126476352277e-01,-1.316024486331283772e+00,-1.464024627757873809e+01,5.138199524447803590e+00,2.455234638446301521e+00,2.223381616730840005e+00,2.254928818883708885e+00,2.766107344697482873e+00,3.980781994920285616e+00,-7.471616311122885712e+00,-5.403777880630290104e-02,7.111229980841420328e-01,9.124926999775883063e-01,1.033396185725594663e+00,1.153920032494533565e+00,1.039951598246432463e+00,8.835426484733738262e-01,8.251934978725928849e-01,7.121850056502179172e-01,7.366064555738491837e-01,7.705927910255715441e-01,8.453372791020407062e-01,8.466928407098376352e-01,8.218074527938578067e-01,7.644935072535485876e-01,7.756585295547780978e-01,7.621051394067566154e-01
4.340833160973692983e+00,-6.654747071122127933e-01,4.971647426850016038e-01,2.319586606966306530e-01,1.317158118152553063e-02,-2.514903026643343087e-01,-6.537365889434076927e-01,-1.499353475765802024e+00,-1.504671125830739342e+01,5.227034506774971945e+00,2.599755361799354958e+00,1.980814010590981056e+00,2.011818392159553603e+00,2.932978750721153549e+00,4.725509245421237736e+00,-5.205239866053923414e+00,2.728890084759773016e-01,4.618356173688210053e-01,8.244402952200168277e-01,1.143726742271833574e+00,8.597864542334224813e-01,7.573384120526421848e-01,8.062715538829569040e-01,7.918847427916194670e-01,8.124922001990498854e-01,8.217790871547540066e-01,8.580920682663212284e-01,8.041105589703153589e-01,8.216231368519243405e-01,8.265792964571385681e-01,7.866905824987620033e-01,7.641429367186529653e-01,6.809084328506628259e-01
4.327562178400280679e+00,-6.944470043116148794e-01,4.642024455148209827e-01,2.121465809013083625e-01,1.111483911203139420e-02,-2.448421443265578479e-01,-7.357597900686650982e-01,-1.473020675156947679e+00,-9.688089651498437149e+00,6.365385386974782733e+00,2.897788824640887828e+00,1.932831826991666446e+00,1.913374295199891106e+00,2.592991725626915933e+00,3.481601795231204832e+00,-1.404331729407957585e+00,3.566637012222850234e-01,5.660668161043238555e-01,1.217526956091774748e+00,1.574464703798665655e+00,1.154600569772827656e+00,1.011215126486648241e+00,9.047666232690343424e-01,9.317634585072191999e-01,1.013683121463194281e+00,1.030094007690259827e+00,9.876997095119185444e-01,9.165205251870195413e-01,8.627550321875816497e-01,8.931899888438717960e-01,9.415359795064375259e-01,9.659384295160141631e-01,9.353518900464539154e-01
4.191483360392087576e+00,-7.549440720411173533e-01,5.065712345882624756e-01,2.579847595347967149e-01,-4.442113281617820347e-03,-2.695381473739560385e-01,-8.186166744712589649e-01,-1.483754813224925417e+00,-9.521755277929667471e+00,6.786362256709163709e+00,3.227744258935181243e+00,2.052176349831811297e+00,1.802940193113512279e+00,1.823038184949246077e+00,2.786073130335195547e+00,-3.616998082917671553e+00,1.194249332862684920e-01,1.068756533723412616e+00,1.459976390711006378e+00,1.246809482383703260e+00,1.044641867900198973e+00,9.651069168023221900e-01,7.712177280807807067e-01,7.304383925314741344e-01,7.777668289588397510e-01,7.401357316505253747e-01,7.215325262260615657e-01,6.954609862788446728e-01,7.658059182030849676e-01,7.841025832284356234e-01,7.413973477347262087e-01,7.403089883538175320e-01,7.402944239747546451e-01
4.178962306224630829e+00,-7.413669923996647482e-01,5.444076681053232614e-01,2.620300458022915557e-01,-1.491377775722439909e-02,-3.024284010617799279e-01,-8.481967719107298409e-01,-1.743064888295099424e+00,-2.317990969793795486e+01,5.442204591248147594e+00,3.252606927182692953e+00,2.463396674498935734e+00,2.046166379650534495e+00,1.931669398691701955e+00,2.797149859029770980e+00,7.869003401891440319e+01,3.708081677812743310e-02,1.535255521389876199e+00,1.358763581929924635e+00,1.289310971842590581e+00,1.047850926622870382e+00,9.154579485035920783e-01,7.332585144616722284e-01,6.522412919983984203e-01,6.551925048061099099e-01,6.833611830510559759e-01,7.093508619897499479e-01,6.670212355874064469e-01,6.175087746831745550e-01,6.217583870141384361e-01,7.185337848893790236e-01,6.927150921528428817e-01,7.364294539816521601e-01
4.200702916104548379e+00,-8.323163501711294820e-01,4.510069931560927170e-01,2.589508101532020379e-01,-3.513564127675880555e-02,-2.726470359144187450e-01,-7.627606469619366836e-01,-2.036871092956731299e+00,1.876146508535331918e+02,4.914414517504313906e+00,3.435744256617077497e+00,2.834134967607254918e+00,2.541676249669269971e+00,2.747090327236226148e+00,3.239598406430149513e+00,1.734640860703543197e+01,-1.701291674313950120e+00,1.460473014852040174e+00,1.548840563759092515e+00,1.304643792851691630e+00,8.067271186526301374e-01,6.893759298354803500e-01,6.446804538486884395e-01,7.065630473017483482e-01,7.054772133908022713e-01,7.415710416756017276e-01,6.918514279412674162e-01,5.910521871605918243e-01,6.116052948097659980e-01,6.471888270788036523e-01,6.371309532701534550e-01,7.350891076147603176e-01,7.750181408349422485e-01
4.414577562805757083e+00,-8.217310833605637743e-01,4.159717342009304764e-01,2.125857104955256593e-01,-4.166163014564952527e-02,-2.859877073077844445e-01,-7.922282773337367967e-01,-2.309739344855793686e+00,3.407239001436992112e+02,4.789101032390350454e+00,3.662041206756130318e+00,2.944835351821895042e+00,2.824002984610300970e+00,3.013834033334600093e+00,4.805814753405352135e+00,4.858985881509269689e+01,-3.343682635472530418e+00,1.143143272832200408e+00,2.187045044010341499e+00,1.565623723330925809e+00,9.667431823187657702e-01,8.270060113157657877e-01,7.831685858344727968e-01,7.292034290098869942e-01,7.608393396804955522e-01,7.840656115459766484e-01,7.995606884109374146e-01,8.643467694453476069e-01,7.790275712953942389e-01,7.735893356101786189e-01,7.076972753713710595e-01,7.336095149252804815e-01,7.542877418332031292e-01
4.334085106106786434e+00,-7.876583681786629709e-01,5.031934264697358605e-01,2.998343004455282790e-01,-1.041078631553782156e-02,-2.923990519523267939e-01,-7.752285655537476394e-01,-2.172061996075189683e+00,-3.219193853319611520e+01,4.414014299197560831e+00,3.268196816203296162e+00,2.821473791936424558e+00,2.733266107465341932e+00,2.768432302548311963e+00,3.577909155008051734e+00,5.968842874925926800e+00,1.689101503544207850e+00,2.564530842612894546e+00,2.460626711536808564e+00,1.553843944522662834e+00,8.764302376110961745e-01,6.377725578890440783e-01,5.668144179933354287e-01,6.195731539151195788e-01,6.253341443092964580e-01,7.098617993571552098e-01,7.935982166734253385e-01,8.054575848990774833e-01,7.746295592938082786e-01,7.428852673417510877e-01,6.576192442603637778e-01,7.092752346113959661e-01,7.840919762349340960e-01
4.250944782705155411e+00,-7.279798863183123414e-01,2.912617145921113648e-01,1.922046908579501390e-01,-3.967958374198852188e-03,-3.088843128146650518e-01,-7.411865178967675938e-01,-2.201171280077413694e+00,-1.583671876246596888e+01,4.283483891760323736e+00,2.706428480558849436e+00,2.338028994548133621e+00,2.203544536064502513e+00,2.038499008838332571e+00,1.875681086297133593e+00,4.253820794700652108e+00,-1.420688786137836557e+00,1.585735979749248514e+00,1.938127025070151666e+00,1.269241001946345815e+00,8.487964691331338907e-01,7.899681790725274766e-01,6.556061492307158067e-01,5.598164038757960093e-01,6.034810724734736009e-01,6.464118444995659019e-01,6.557757342385915900e-01,7.153635365541893831e-01,7.801501170266119667e-01,7.367101277896631606e-01,7.773066396490229124e-01,7.171598867768407271e-01,6.809035944119912198e-01
4.310332887894903209e+00,-7.371202971934464054e-01,2.898504385958945995e-01,2.044607162813283918e-01,2.470838812403618537e-02,-2.581116374774981015e-01,-6.358704208504287747e-01,-2.685457565737325414e+00,-2.091711520719012540e+01,4.528052252760183194e+00,2.268209323517361042e+00,1.898994255751367044e+00,1.981478508862132282e+00,1.642615023569559352e+00,1.405170910762405079e+00,2.473228383759272564e+00,-1.794375106397556596e+00,8.778312566599255629e-01,1.029129725905084003e+00,8.823182011651818923e-01,6.853645574164327625e-01,5.768587876442120566e-01,5.373908395716620046e-01,5.410475955018839711e-01,5.823374085487044161e-01,6.324643717408787724e-01,6.382006572977882985e-01,6.369899140959689454e-01,6.646244885029184424e-01,6.259547079535936476e-01,5.586620958108372559e-01,5.678220855683481227e-01,5.335347808978778694e-01
4.472758353527373387e+00,-6.888872506080743197e-01,5.156078204631545647e-01,3.375732738432817293e-01,1.486370419643087970e-01,-2.060252991709818626e-01,-6.396098438366589756e-01,-3.791485099954861937e+00,-1.115377855543133165e+02,4.703281210984585847e+00,2.299388850495585057e+00,1.827633437258571192e+00,1.935844979868899252e+00,1.720272955636747758e+00,1.168611826181339186e+00,1.661223405691987010e+00,4.052349370559563679e-01,3.006416584351927490e+00,2.520526408805513707e+00,1.628015464298337989e+00,1.123971366468479172e+00,7.964126400216114954e-01,8.236083959197209037e-01,8.753622421601289227e-01,8.216721648762627117e-01,7.374806514091526433e-01,7.645720084702485320e-01,8.128145862328561844e-01,8.064391816680499536e-01,8.558876148631910930e-01,9.083432394409961530e-01,8.782882876351111312e-01,9.010359375324509257e-01
4.484152054191739900e+00,-8.713536780044991437e-01,4.488316765655301910e-01,3.035261800580948965e-01,1.210909196264855908e-01,-1.875730286831697735e-01,-7.121083476573194515e-01,-4.470206385930981519e+00,6.143243357839008212e+01,4.559909086210589102e+00,2.394184339163877517e+00,2.018789080855454721e+00,1.907436192732989699e+00,1.854303831263129476e+00,1.231217966736836145e+00,1.468897473302967160e+00,-3.342233965610902580e+00,1.360667859055769480e+00,1.627312864075339149e+00,8.997896185489856480e-01,6.513470967442338555e-01,5.293575171382244315e-01,5.370600785895767171e-01,5.260131375144573296e-01,5.127449547979918698e-01,5.649992215347660052e-01,5.870631666956214190e-01,5.118033851450330962e-01,4.992586486796316558e-01,5.547148132733538128e-01,5.960097743479196852e-01,5.485136682601120528e-01,5.082211533979367202e-01
4.280095645543994465e+00,-9.902588461865490244e-01,3.550492679380405359e-01,2.935769352632571216e-01,1.100496120952839663e-01,-1.871672022369390842e-01,-7.365096383478951791e-01,-3.936680293715080659e+00,5.822241741493318301e+01,4.162386017495955493e+00,2.375325177558375689e+00,2.169598219821187168e+00,1.881481437207532581e+00,1.844728461167420397e+00,1.554701795865373937e+00,1.332559492665028378e+00,1.136221928191771813e+00,1.727089665945869212e+00,1.073025977481555593e+00,5.753685640255340461e-01,4.501203404923128093e-01,4.618720886638734702e-01,4.844492917679126265e-01,4.322610260519492154e-01,4.330458365775226026e-01,4.402706534116316295e-01,4.367171338013101645e-01,4.409621773502541142e-01,4.227760539140466012e-01,4.115467794402294932e-01,4.130027860729805211e-01,3.841743351721195743e-01,3.678626331324555965e-01
4.727525870154917875e+00,-1.019247971903257666e+00,2.258962552513882061e-01,2.037686273319365138e-01,9.453956550977170303e-02,-1.600854506323713122e-01,-6.605943725295494451e-01,-2.847439899306396516e+00,1.065684374953341660e+02,3.573737998735809995e+00,2.415689795432419906e+00,2.212328349052305132e+00,1.970064796273001795e+00,2.247823630033206843e+00,2.232827523584442364e+00,1.596230013457150987e+00,6.524991572463477496e+00,7.173780525407453812e-01,1.217499673910748648e+00,6.396209590329978711e-01,5.037920649685219132e-01,4.736374551927940435e-01,4.715011473930326713e-01,4.480616265935767339e-01,4.858826436388313241e-01,4.861706676067361066e-01,5.087903756846562375e-01,5.602444203058553063e-01,5.500355470100558586e-01,5.826506516803920954e-01,5.995976688596046378e-01,5.553126953234438501e-01,5.240480207132311996e-01
4.402200101787926201e+00,-1.112571963998750135e+00,1.611394545605656647e-01,1.834816709081448782e-01,1.303630494091557179e-01,-1.292779290847347329e-01,-6.063863831802596138e-01,-2.340484977863716232e+00,-6.114148780822589657e+01,4.108235094088664496e+00,2.725373808973173606e+00,2.190076843500665671e+00,2.096737638827243622e+00,2.224201147332231621e+00,2.364333088949162054e+00,4.864196677797328228e+00,-6.141148988913571749e+00,4.757755526398975698e-01,1.235952441850962646e+00,8.776243417185611850e-01,7.288447546398345578e-01,7.942649361179014988e-01,6.863441190318552154e-01,6.105827477280071358e-01,6.070863558793216930e-01,6.544419784658889183e-01,6.771457428906139109e-01,6.738869138823708749e-01,7.553539700078020225e-01,7.782796544825829610e-01,7.225363006790846976e-01,6.671025265241063984e-01,6.561843916866789694e-01
4.417334288400775577e+00,-9.579826761833198923e-01,2.710514501020012124e-01,2.680844665107326441e-01,1.861330623839440590e-01,-8.682379646716410770e-02,-5.539608728282700012e-01,-2.185501981036218400e+00,-1.909585721641537148e+01,5.424434583436538837e+00,3.094420123708770731e+00,2.536317332715761097e+00,2.469501773317928084e+00,2.070530548468568544e+00,1.618424209694578897e+00,2.726608095512288887e+00,-2.121971611351690878e+00,1.781974767113783331e+00,2.280109002025313636e+00,1.610438845756990256e+00,8.654974855234501829e-01,9.503723071949791157e-01,9.778108805828721328e-01,9.118279132797521003e-01,7.999103879957886187e-01,6.866300401036294909e-01,7.709244485516624223e-01,8.302487944236749406e-01,7.130922989708039506e-01,6.633151865750084308e-01,7.066164039706483990e-01,7.846919932536948750e-01,6.811767868846898555e-01
4.543331793867669610e+00,-7.924045571674480648e-01,4.167549974777673416e-01,3.815949648607957490e-01,2.481882713661800466e-01,-3.833859165837229938e-02,-5.305433005000299573e-01,-1.908411457900135444e+00,-1.445468059974019503e+01,6.216043487085652686e+00,3.588394681441298140e+00,2.962449739631591861e+00,2.436384222153412438e+00,2.111163961199796102e+00,1.858304852897609605e+00,1.892897833267209062e+00,-9.095998994252889602e+00,1.204745462842572223e+00,3.101797803844684953e+00,1.312122862868351447e+00,6.895752214668613433e-01,5.804379469573588413e-01,5.943900382048884490e-01,4.925083065670669003e-01,3.956235723546179806e-01,3.870347463198314242e-01,3.817828102140347069e-01,3.781917176151229909e-01,4.199421442062914456e-01,4.346914977659038781e-01,4.582206644311620503e-01,5.047682072563764999e-01,4.924341597961160999e-01
4.532149152089960609e+00,-6.650252340025913922e-01,5.992906155605094431e-01,4.665883669247721244e-01,2.451380902610214296e-01,-8.371233909406323309e-03,-5.821709379206847501e-01,-2.026471700766364847e+00,-1.970385287755970793e+01,5.066141742355567246e+00,3.277007285673578796e+00,2.743131758268268161e+00,1.961110672147586831e+00,1.881812891352334427e+00,1.970738664359999781e+00,1.659875554559826494e+00,4.793327954376530364e+00,-1.083889965728307647e+00,3.779365916313676688e-01,4.279245235676760739e-01,2.815996427151915560e-01,2.882122136528512679e-01,3.358848556502478933e-01,2.749537109724433104e-01,2.460534814050191199e-01,2.314466227887291838e-01,2.347545827725892598e-01,2.324900901922787311e-01,2.314295902419050421e-01,2.409535606956535181e-01,2.609962842391442828e-01,2.848000825027767191e-01,2.998458346035257072e-01
4.523816323287867647e+00,-6.967505305426031637e-01,5.527231368926648347e-01,3.716829568894509661e-01,1.848913199783315253e-01,-7.928299743165756475e-02,-6.184424768394081173e-01,-2.175449419794978745e+00,-8.176539888015831536e+01,3.869670543750864944e+00,2.735510611083732169e+00,2.290482993672006362e+00,1.756536532179319599e+00,1.598990777495580717e+00,1.601872697127536549e+00,1.345082600295457897e+00,9.021302083527972471e+00,-4.048926230761382250e+00,1.904847133383333335e-01,4.493370601021271504e-01,4.014660780247475413e-01,2.795671912195528686e-01,2.352848265241293257e-01,2.047705030931553649e-01,1.862074165412398730e-01,1.960832476071454333e-01,2.067541031501325954e-01,2.040553109203146476e-01,2.196173985020945241e-01,2.346791380171378560e-01,2.395913262708118385e-01,2.462916979638663240e-01,2.530083288761247329e-01
4.336387832795075781e+00,-7.592024104695715980e-01,5.473054151569969328e-01,4.093166787322049527e-01,1.919318361601543843e-01,-9.578233252483249471e-02,-5.645783256566480057e-01,-1.985832085877986097e+00,6.573808735947822868e+01,3.101076874639673520e+00,2.368596040105636735e+00,2.056058052608153108e+00,1.572550323782339499e+00,1.312391190021281240e+00,1.568345950482306961e+00,1.490468340845750639e+00,2.982831822809761668e+00,-6.212945088391084170e-01,1.509295133920476983e+00,6.762394473316944987e-01,5.227619553268244568e-01,4.325698335261231042e-01,3.597789555373647752e-01,2.889785909589605017e-01,2.712814727477829702e-01,2.542346409943038177e-01,2.611178589643215475e-01,2.635355570881151022e-01,2.770636329641451567e-01,2.980195718036348085e-01,2.986415374862687044e-01,2.733374532694446413e-01,2.388353270729914324e-01
